"TimeUTC","timestampInMs","requestPath","requestMethod","requestQueryString","responseStatusCode","requestId","requestUserAgent","level","environment","branch","vercelCache","type","function","host","deploymentDomain","deploymentId","durationMs","region","maxMemoryUsed","memorySize","message","projectId","traceId","sessionId","invocationId","instanceId","concurrency"
"2025-09-02 13:48:29",1756820909272,"www.snap-shark.com/api/debug/refresh-user","POST","",-1,"hhwxp-1756820908783-c6ae86313ed5","Mozilla/5.0 (Macintosh; Intel Mac OS X 10_15_7) AppleWebKit/537.36 (KHTML, like Gecko) Chrome/138.0.0.0 Safari/537.36","info","production","main","","lambda","/api/debug/refresh-user","www.snap-shark.com","www.snap-shark.com","dpl_CvTBydqsKmhdVd5av9MjWkUxUdUq",-1,"iad1",-1,-1,"[REFRESH] Fresh metadata: {
  debugTest: true,
  isProUser: true,
  stripeCustomerId: 'cus_SysJYSOXXw7CCL',
  subscriptionStatus: 'active',
  subscriptionStarted: '2025-09-02T13:47:43.608Z',
  stripeSubscriptionId: 'sub_1S2uYjRItjRpb7CmiiZRgcbf'
}","prj_whJS4UDU096WCnwbxasIj7pfJ4Ow","","","01K45AZB0GXHHZMCVBGMKEZ4VB","",-1
"2025-09-02 13:48:29",1756820909099,"www.snap-shark.com/api/debug/refresh-user","POST","",-1,"hhwxp-1756820908783-c6ae86313ed5","Mozilla/5.0 (Macintosh; Intel Mac OS X 10_15_7) AppleWebKit/537.36 (KHTML, like Gecko) Chrome/138.0.0.0 Safari/537.36","info","production","main","","lambda","/api/debug/refresh-user","www.snap-shark.com","www.snap-shark.com","dpl_CvTBydqsKmhdVd5av9MjWkUxUdUq",-1,"iad1",-1,-1,"[REFRESH] Getting fresh user data for: user_326dkggGHEMPMU8EbaG6rJnXuls","prj_whJS4UDU096WCnwbxasIj7pfJ4Ow","","","01K45AZB0GXHHZMCVBGMKEZ4VB","",-1
"2025-09-02 13:48:28",1756820908997,"www.snap-shark.com/api/debug/refresh-user","POST","",200,"hhwxp-1756820908783-c6ae86313ed5","Mozilla/5.0 (Macintosh; Intel Mac OS X 10_15_7) AppleWebKit/537.36 (KHTML, like Gecko) Chrome/138.0.0.0 Safari/537.36","info","production","main","","lambda","/api/debug/refresh-user","www.snap-shark.com","www.snap-shark.com","dpl_CvTBydqsKmhdVd5av9MjWkUxUdUq",190,"iad1",113,2048,"","prj_whJS4UDU096WCnwbxasIj7pfJ4Ow","","","01K45AZB0GXHHZMCVBGMKEZ4VB","OCvs0ApTMPQl",1
"2025-09-02 13:48:28",1756820908792,"www.snap-shark.com/api/debug/refresh-user","POST","",200,"hhwxp-1756820908783-c6ae86313ed5","Mozilla/5.0 (Macintosh; Intel Mac OS X 10_15_7) AppleWebKit/537.36 (KHTML, like Gecko) Chrome/138.0.0.0 Safari/537.36","info","production","main","","edge-middleware","/src/middleware","www.snap-shark.com","www.snap-shark.com","dpl_CvTBydqsKmhdVd5av9MjWkUxUdUq",-1,"lhr1",-1,-1,"","prj_whJS4UDU096WCnwbxasIj7pfJ4Ow","","","01K45AZAQRNEJ2QZZ36AFECP7M","gx76awnB8rM9",-1
"2025-09-02 13:48:17",1756820897197,"www.snap-shark.com/manifest.json","GET","",200,"x49k8-1756820897186-49a48e0817ba","Mozilla/5.0 (Macintosh; Intel Mac OS X 10_15_7) AppleWebKit/537.36 (KHTML, like Gecko) Chrome/138.0.0.0 Safari/537.36","info","production","main","","edge-middleware","/src/middleware","www.snap-shark.com","www.snap-shark.com","dpl_CvTBydqsKmhdVd5av9MjWkUxUdUq",-1,"lhr1",-1,-1,"","prj_whJS4UDU096WCnwbxasIj7pfJ4Ow","","","01K45AYZDD5DEH7V9741Z46J0K","gx76awnB8rM9",-1
"2025-09-02 13:48:11",1756820891774,"www.snap-shark.com/account","GET","",200,"xwdzc-1756820891770-18ca59eecd5e","Mozilla/5.0 (Macintosh; Intel Mac OS X 10_15_7) AppleWebKit/537.36 (KHTML, like Gecko) Chrome/138.0.0.0 Safari/537.36","info","production","main","","edge-middleware","/src/middleware","www.snap-shark.com","www.snap-shark.com","dpl_CvTBydqsKmhdVd5av9MjWkUxUdUq",-1,"lhr1",-1,-1,"","prj_whJS4UDU096WCnwbxasIj7pfJ4Ow","","","01K45AYT3ZBWMFBD2WHFH3KWZZ","gx76awnB8rM9",-1
"2025-09-02 13:48:11",1756820891524,"www.snap-shark.com/manifest.json","GET","",200,"82lv5-1756820891520-4dc6628df18f","Mozilla/5.0 (Macintosh; Intel Mac OS X 10_15_7) AppleWebKit/537.36 (KHTML, like Gecko) Chrome/138.0.0.0 Safari/537.36","info","production","main","","edge-middleware","/src/middleware","www.snap-shark.com","www.snap-shark.com","dpl_CvTBydqsKmhdVd5av9MjWkUxUdUq",-1,"lhr1",-1,-1,"","prj_whJS4UDU096WCnwbxasIj7pfJ4Ow","","","01K45AYSW48BG7QSVEAXWM4897","gx76awnB8rM9",-1
"2025-09-02 13:48:11",1756820891490,"www.snap-shark.com/pricing","GET","",200,"xwdzc-1756820891485-da605d082051","Mozilla/5.0 (Macintosh; Intel Mac OS X 10_15_7) AppleWebKit/537.36 (KHTML, like Gecko) Chrome/138.0.0.0 Safari/537.36","info","production","main","","edge-middleware","/src/middleware","www.snap-shark.com","www.snap-shark.com","dpl_CvTBydqsKmhdVd5av9MjWkUxUdUq",-1,"lhr1",-1,-1,"","prj_whJS4UDU096WCnwbxasIj7pfJ4Ow","","","01K45AYSV29SMC5S21V9QDSM0V","gx76awnB8rM9",-1
"2025-09-02 13:48:11",1756820891178,"www.snap-shark.com/","GET","",200,"82lv5-1756820891171-8334bc61d603","Mozilla/5.0 (Macintosh; Intel Mac OS X 10_15_7) AppleWebKit/537.36 (KHTML, like Gecko) Chrome/138.0.0.0 Safari/537.36","info","production","main","","edge-middleware","/src/middleware","www.snap-shark.com","www.snap-shark.com","dpl_CvTBydqsKmhdVd5av9MjWkUxUdUq",-1,"lhr1",-1,-1,"","prj_whJS4UDU096WCnwbxasIj7pfJ4Ow","","","01K45AYSHA6VDHFFW9JQRXC1WA","gx76awnB8rM9",-1
"2025-09-02 13:48:01",1756820881623,"www.snap-shark.com/manifest.json","GET","",200,"fdfkj-1756820881619-dea45f53e108","Mozilla/5.0 (Macintosh; Intel Mac OS X 10_15_7) AppleWebKit/537.36 (KHTML, like Gecko) Chrome/138.0.0.0 Safari/537.36","info","production","main","","edge-middleware","/src/middleware","www.snap-shark.com","www.snap-shark.com","dpl_CvTBydqsKmhdVd5av9MjWkUxUdUq",-1,"lhr1",-1,-1,"","prj_whJS4UDU096WCnwbxasIj7pfJ4Ow","","","01K45AYG6Q2SCJXZQZ3B7H29NM","gx76awnB8rM9",-1
"2025-09-02 13:48:01",1756820881540,"www.snap-shark.com/pricing","GET","",200,"hhwxp-1756820881536-39ed95b809c2","Mozilla/5.0 (Macintosh; Intel Mac OS X 10_15_7) AppleWebKit/537.36 (KHTML, like Gecko) Chrome/138.0.0.0 Safari/537.36","info","production","main","","edge-middleware","/src/middleware","www.snap-shark.com","www.snap-shark.com","dpl_CvTBydqsKmhdVd5av9MjWkUxUdUq",-1,"lhr1",-1,-1,"","prj_whJS4UDU096WCnwbxasIj7pfJ4Ow","","","01K45AYG44MJ1JM8Y1R11JNKV6","gx76awnB8rM9",-1
"2025-09-02 13:48:01",1756820881313,"www.snap-shark.com/","GET","",200,"fdfkj-1756820881307-11a29c7be464","Mozilla/5.0 (Macintosh; Intel Mac OS X 10_15_7) AppleWebKit/537.36 (KHTML, like Gecko) Chrome/138.0.0.0 Safari/537.36","info","production","main","","edge-middleware","/src/middleware","www.snap-shark.com","www.snap-shark.com","dpl_CvTBydqsKmhdVd5av9MjWkUxUdUq",-1,"lhr1",-1,-1,"","prj_whJS4UDU096WCnwbxasIj7pfJ4Ow","","","01K45AYFX1GA1QNG2E7N590NQR","gx76awnB8rM9",-1
"2025-09-02 13:48:00",1756820880800,"www.snap-shark.com/manifest.json","GET","",200,"fdfkj-1756820880795-f40fbac1441c","Mozilla/5.0 (Macintosh; Intel Mac OS X 10_15_7) AppleWebKit/537.36 (KHTML, like Gecko) Chrome/138.0.0.0 Safari/537.36","info","production","main","","edge-middleware","/src/middleware","www.snap-shark.com","www.snap-shark.com","dpl_CvTBydqsKmhdVd5av9MjWkUxUdUq",-1,"lhr1",-1,-1,"","prj_whJS4UDU096WCnwbxasIj7pfJ4Ow","","","01K45AYFD02K57V3D1BSP4YT9X","gx76awnB8rM9",-1
"2025-09-02 13:48:00",1756820880752,"www.snap-shark.com/","GET","",200,"fdfkj-1756820880746-368987b66b74","Mozilla/5.0 (Macintosh; Intel Mac OS X 10_15_7) AppleWebKit/537.36 (KHTML, like Gecko) Chrome/138.0.0.0 Safari/537.36","info","production","main","","edge-middleware","/src/middleware","www.snap-shark.com","www.snap-shark.com","dpl_CvTBydqsKmhdVd5av9MjWkUxUdUq",-1,"lhr1",-1,-1,"","prj_whJS4UDU096WCnwbxasIj7pfJ4Ow","","","01K45AYFBGME2V23FGY2FP132Z","gx76awnB8rM9",-1
"2025-09-02 13:48:00",1756820880660,"www.snap-shark.com/","GET","",200,"fdfkj-1756820880654-39cf75b8afab","Mozilla/5.0 (Macintosh; Intel Mac OS X 10_15_7) AppleWebKit/537.36 (KHTML, like Gecko) Chrome/138.0.0.0 Safari/537.36","info","production","main","","edge-middleware","/src/middleware","www.snap-shark.com","www.snap-shark.com","dpl_CvTBydqsKmhdVd5av9MjWkUxUdUq",-1,"lhr1",-1,-1,"","prj_whJS4UDU096WCnwbxasIj7pfJ4Ow","","","01K45AYF8M7F4GV8MRYGWXH3CA","gx76awnB8rM9",-1
"2025-09-02 13:48:00",1756820880444,"www.snap-shark.com/manifest.json","GET","",200,"9prhx-1756820880437-83c45e6e6229","Mozilla/5.0 (Macintosh; Intel Mac OS X 10_15_7) AppleWebKit/537.36 (KHTML, like Gecko) Chrome/138.0.0.0 Safari/537.36","info","production","main","","edge-middleware","/src/middleware","www.snap-shark.com","www.snap-shark.com","dpl_CvTBydqsKmhdVd5av9MjWkUxUdUq",-1,"lhr1",-1,-1,"","prj_whJS4UDU096WCnwbxasIj7pfJ4Ow","","","01K45AYF1W7VTXETN79SVYWCY2","gx76awnB8rM9",-1
"2025-09-02 13:48:00",1756820880056,"www.snap-shark.com/account","POST","success=true",200,"g7g2b-1756820879972-9978bf96be43","Mozilla/5.0 (Macintosh; Intel Mac OS X 10_15_7) AppleWebKit/537.36 (KHTML, like Gecko) Chrome/138.0.0.0 Safari/537.36","info","production","main","","lambda","/account","www.snap-shark.com","www.snap-shark.com","dpl_CvTBydqsKmhdVd5av9MjWkUxUdUq",201,"iad1",102,2048,"","prj_whJS4UDU096WCnwbxasIj7pfJ4Ow","","","01K45AYENR3FGBXHPE2B6DE196","gutaYOxHDrQ7",1
"2025-09-02 13:47:59",1756820879980,"www.snap-shark.com/account","POST","success=true",200,"g7g2b-1756820879972-9978bf96be43","Mozilla/5.0 (Macintosh; Intel Mac OS X 10_15_7) AppleWebKit/537.36 (KHTML, like Gecko) Chrome/138.0.0.0 Safari/537.36","info","production","main","","edge-middleware","/src/middleware","www.snap-shark.com","www.snap-shark.com","dpl_CvTBydqsKmhdVd5av9MjWkUxUdUq",-1,"lhr1",-1,-1,"","prj_whJS4UDU096WCnwbxasIj7pfJ4Ow","","","01K45AYEKCRMZW39SV0ZEN7FV3","gx76awnB8rM9",-1
"2025-09-02 13:47:58",1756820878362,"www.snap-shark.com/account","GET","",200,"wrvxd-1756820878357-bafb0db976fc","Mozilla/5.0 (Macintosh; Intel Mac OS X 10_15_7) AppleWebKit/537.36 (KHTML, like Gecko) Chrome/138.0.0.0 Safari/537.36","info","production","main","","edge-middleware","/src/middleware","www.snap-shark.com","www.snap-shark.com","dpl_CvTBydqsKmhdVd5av9MjWkUxUdUq",-1,"lhr1",-1,-1,"","prj_whJS4UDU096WCnwbxasIj7pfJ4Ow","","","01K45AYD0VQAW7V830QA9Y8NZ9","gx76awnB8rM9",-1
"2025-09-02 13:47:58",1756820878157,"www.snap-shark.com/manifest.json","GET","",200,"kpsbq-1756820878149-b88e5e37bc65","Mozilla/5.0 (Macintosh; Intel Mac OS X 10_15_7) AppleWebKit/537.36 (KHTML, like Gecko) Chrome/138.0.0.0 Safari/537.36","info","production","main","","edge-middleware","/src/middleware","www.snap-shark.com","www.snap-shark.com","dpl_CvTBydqsKmhdVd5av9MjWkUxUdUq",-1,"lhr1",-1,-1,"","prj_whJS4UDU096WCnwbxasIj7pfJ4Ow","","","01K45AYCTD4TYZ4R2DBRWMA803","gx76awnB8rM9",-1
"2025-09-02 13:47:58",1756820878074,"www.snap-shark.com/pricing","GET","",200,"ml9pv-1756820878069-87bd11055195","Mozilla/5.0 (Macintosh; Intel Mac OS X 10_15_7) AppleWebKit/537.36 (KHTML, like Gecko) Chrome/138.0.0.0 Safari/537.36","info","production","main","","edge-middleware","/src/middleware","www.snap-shark.com","www.snap-shark.com","dpl_CvTBydqsKmhdVd5av9MjWkUxUdUq",-1,"lhr1",-1,-1,"","prj_whJS4UDU096WCnwbxasIj7pfJ4Ow","","","01K45AYCQVGNYHQ9TQ119230XW","ZpkISdgX3qw6",-1
"2025-09-02 13:47:58",1756820878073,"www.snap-shark.com/","GET","",200,"kpsbq-1756820878069-79dc2868e864","Mozilla/5.0 (Macintosh; Intel Mac OS X 10_15_7) AppleWebKit/537.36 (KHTML, like Gecko) Chrome/138.0.0.0 Safari/537.36","info","production","main","","edge-middleware","/src/middleware","www.snap-shark.com","www.snap-shark.com","dpl_CvTBydqsKmhdVd5av9MjWkUxUdUq",-1,"lhr1",-1,-1,"","prj_whJS4UDU096WCnwbxasIj7pfJ4Ow","","","01K45AYCQSBC6GRPZ5B9VEKM6B","gx76awnB8rM9",-1
"2025-09-02 13:47:57",1756820877837,"www.snap-shark.com/account","GET","success=true",200,"jpjgc-1756820877832-a790db109294","Mozilla/5.0 (Macintosh; Intel Mac OS X 10_15_7) AppleWebKit/537.36 (KHTML, like Gecko) Chrome/138.0.0.0 Safari/537.36","info","production","main","","edge-middleware","/src/middleware","www.snap-shark.com","www.snap-shark.com","dpl_CvTBydqsKmhdVd5av9MjWkUxUdUq",-1,"lhr1",-1,-1,"","prj_whJS4UDU096WCnwbxasIj7pfJ4Ow","","","01K45AYCGDRR013PT0QQ7TEDR7","gx76awnB8rM9",-1
"2025-09-02 13:47:54",1756820874847,"www.snap-shark.com/account","GET","",200,"kpsbq-1756820874843-1858db9d6667","Mozilla/5.0 (Macintosh; Intel Mac OS X 10_15_7) AppleWebKit/537.36 (KHTML, like Gecko) Chrome/138.0.0.0 Safari/537.36","info","production","main","","edge-middleware","/src/middleware","www.snap-shark.com","www.snap-shark.com","dpl_CvTBydqsKmhdVd5av9MjWkUxUdUq",-1,"lhr1",-1,-1,"","prj_whJS4UDU096WCnwbxasIj7pfJ4Ow","","","01K45AY9JZHXDVGDY0AFWRB07F","gx76awnB8rM9",-1
"2025-09-02 13:47:54",1756820874575,"www.snap-shark.com/manifest.json","GET","",200,"kpsbq-1756820874572-29c56fc8d106","Mozilla/5.0 (Macintosh; Intel Mac OS X 10_15_7) AppleWebKit/537.36 (KHTML, like Gecko) Chrome/138.0.0.0 Safari/537.36","info","production","main","","edge-middleware","/src/middleware","www.snap-shark.com","www.snap-shark.com","dpl_CvTBydqsKmhdVd5av9MjWkUxUdUq",-1,"lhr1",-1,-1,"","prj_whJS4UDU096WCnwbxasIj7pfJ4Ow","","","01K45AY9AFZH0D89K1KVNZ03QS","gx76awnB8rM9",-1
"2025-09-02 13:47:54",1756820874495,"www.snap-shark.com/pricing","GET","",200,"ml9pv-1756820874487-7c4915765103","Mozilla/5.0 (Macintosh; Intel Mac OS X 10_15_7) AppleWebKit/537.36 (KHTML, like Gecko) Chrome/138.0.0.0 Safari/537.36","info","production","main","","edge-middleware","/src/middleware","www.snap-shark.com","www.snap-shark.com","dpl_CvTBydqsKmhdVd5av9MjWkUxUdUq",-1,"lhr1",-1,-1,"","prj_whJS4UDU096WCnwbxasIj7pfJ4Ow","","","01K45AY97ZJ5XQZWWY03QHGJW1","gx76awnB8rM9",-1
"2025-09-02 13:47:54",1756820874490,"www.snap-shark.com/","GET","",200,"9prhx-1756820874487-04b6a6092a9b","Mozilla/5.0 (Macintosh; Intel Mac OS X 10_15_7) AppleWebKit/537.36 (KHTML, like Gecko) Chrome/138.0.0.0 Safari/537.36","info","production","main","","edge-middleware","/src/middleware","www.snap-shark.com","www.snap-shark.com","dpl_CvTBydqsKmhdVd5av9MjWkUxUdUq",-1,"lhr1",-1,-1,"","prj_whJS4UDU096WCnwbxasIj7pfJ4Ow","","","01K45AY97TKK2N6M8XD8YFJHHE","ZpkISdgX3qw6",-1
"2025-09-02 13:47:54",1756820874300,"www.snap-shark.com/account","GET","success=true",200,"9prhx-1756820874296-dc90996583aa","Mozilla/5.0 (Macintosh; Intel Mac OS X 10_15_7) AppleWebKit/537.36 (KHTML, like Gecko) Chrome/138.0.0.0 Safari/537.36","info","production","main","","edge-middleware","/src/middleware","www.snap-shark.com","www.snap-shark.com","dpl_CvTBydqsKmhdVd5av9MjWkUxUdUq",-1,"lhr1",-1,-1,"","prj_whJS4UDU096WCnwbxasIj7pfJ4Ow","","","01K45AY91WPNT1AD6GANZRXP5S","ZpkISdgX3qw6",-1
"2025-09-02 13:47:53",1756820873663,"www.snap-shark.com/account","GET","",200,"kpsbq-1756820873660-1e56564f48d6","Mozilla/5.0 (Macintosh; Intel Mac OS X 10_15_7) AppleWebKit/537.36 (KHTML, like Gecko) Chrome/138.0.0.0 Safari/537.36","info","production","main","","edge-middleware","/src/middleware","www.snap-shark.com","www.snap-shark.com","dpl_CvTBydqsKmhdVd5av9MjWkUxUdUq",-1,"lhr1",-1,-1,"","prj_whJS4UDU096WCnwbxasIj7pfJ4Ow","","","01K45AY8DZ9EXGZ0X66CWK48GH","ZpkISdgX3qw6",-1
"2025-09-02 13:47:53",1756820873504,"www.snap-shark.com/manifest.json","GET","",200,"kpsbq-1756820873501-a2858061bd24","Mozilla/5.0 (Macintosh; Intel Mac OS X 10_15_7) AppleWebKit/537.36 (KHTML, like Gecko) Chrome/138.0.0.0 Safari/537.36","info","production","main","","edge-middleware","/src/middleware","www.snap-shark.com","www.snap-shark.com","dpl_CvTBydqsKmhdVd5av9MjWkUxUdUq",-1,"lhr1",-1,-1,"","prj_whJS4UDU096WCnwbxasIj7pfJ4Ow","","","01K45AY890KCEF0F4TDQJNTTJG","ZpkISdgX3qw6",-1
"2025-09-02 13:47:53",1756820873432,"www.snap-shark.com/","GET","",200,"kpsbq-1756820873421-61354f56f5be","Mozilla/5.0 (Macintosh; Intel Mac OS X 10_15_7) AppleWebKit/537.36 (KHTML, like Gecko) Chrome/138.0.0.0 Safari/537.36","info","production","main","","edge-middleware","/src/middleware","www.snap-shark.com","www.snap-shark.com","dpl_CvTBydqsKmhdVd5av9MjWkUxUdUq",-1,"lhr1",-1,-1,"","prj_whJS4UDU096WCnwbxasIj7pfJ4Ow","","","01K45AY86RZJ48C75YWF9ZFG6T","ZpkISdgX3qw6",-1
"2025-09-02 13:47:53",1756820873430,"www.snap-shark.com/pricing","GET","",200,"9prhx-1756820873417-38a7c55ac46e","Mozilla/5.0 (Macintosh; Intel Mac OS X 10_15_7) AppleWebKit/537.36 (KHTML, like Gecko) Chrome/138.0.0.0 Safari/537.36","info","production","main","","edge-middleware","/src/middleware","www.snap-shark.com","www.snap-shark.com","dpl_CvTBydqsKmhdVd5av9MjWkUxUdUq",-1,"lhr1",-1,-1,"","prj_whJS4UDU096WCnwbxasIj7pfJ4Ow","","","01K45AY86P0ZSBC2ZM7KG82Q13","gx76awnB8rM9",-1
"2025-09-02 13:47:53",1756820873217,"www.snap-shark.com/account","GET","success=true",200,"jpjgc-1756820873213-936dd02a0ef3","Mozilla/5.0 (Macintosh; Intel Mac OS X 10_15_7) AppleWebKit/537.36 (KHTML, like Gecko) Chrome/138.0.0.0 Safari/537.36","info","production","main","","edge-middleware","/src/middleware","www.snap-shark.com","www.snap-shark.com","dpl_CvTBydqsKmhdVd5av9MjWkUxUdUq",-1,"lhr1",-1,-1,"","prj_whJS4UDU096WCnwbxasIj7pfJ4Ow","","","01K45AY8012JXMC9XK8WA8NRFE","ZpkISdgX3qw6",-1
"2025-09-02 13:47:52",1756820872106,"www.snap-shark.com/manifest.json","GET","",200,"jpjgc-1756820872100-4eb63c9c850c","Mozilla/5.0 (Macintosh; Intel Mac OS X 10_15_7) AppleWebKit/537.36 (KHTML, like Gecko) Chrome/138.0.0.0 Safari/537.36","info","production","main","","edge-middleware","/src/middleware","www.snap-shark.com","www.snap-shark.com","dpl_CvTBydqsKmhdVd5av9MjWkUxUdUq",-1,"lhr1",-1,-1,"","prj_whJS4UDU096WCnwbxasIj7pfJ4Ow","","","01K45AY6XAAPM1M8QZW1FXX9TP","ZpkISdgX3qw6",-1
"2025-09-02 13:47:50",1756820870210,"www.snap-shark.com/account","GET","",200,"n2qn7-1756820870205-aad2914f932a","Mozilla/5.0 (Macintosh; Intel Mac OS X 10_15_7) AppleWebKit/537.36 (KHTML, like Gecko) Chrome/138.0.0.0 Safari/537.36","info","production","main","","edge-middleware","/src/middleware","www.snap-shark.com","www.snap-shark.com","dpl_CvTBydqsKmhdVd5av9MjWkUxUdUq",-1,"lhr1",-1,-1,"","prj_whJS4UDU096WCnwbxasIj7pfJ4Ow","","","01K45AY522RCMT15ERNP3WBZ6Y","ZpkISdgX3qw6",-1
"2025-09-02 13:47:49",1756820869931,"www.snap-shark.com/manifest.json","GET","",200,"l6k4k-1756820869927-69f7b466b649","Mozilla/5.0 (Macintosh; Intel Mac OS X 10_15_7) AppleWebKit/537.36 (KHTML, like Gecko) Chrome/138.0.0.0 Safari/537.36","info","production","main","","edge-middleware","/src/middleware","www.snap-shark.com","www.snap-shark.com","dpl_CvTBydqsKmhdVd5av9MjWkUxUdUq",-1,"lhr1",-1,-1,"","prj_whJS4UDU096WCnwbxasIj7pfJ4Ow","","","01K45AY4SBDAXVWC7QS5P2KND7","ZpkISdgX3qw6",-1
"2025-09-02 13:47:49",1756820869891,"www.snap-shark.com/pricing","GET","",200,"9prhx-1756820869885-906694a29609","Mozilla/5.0 (Macintosh; Intel Mac OS X 10_15_7) AppleWebKit/537.36 (KHTML, like Gecko) Chrome/138.0.0.0 Safari/537.36","info","production","main","","edge-middleware","/src/middleware","www.snap-shark.com","www.snap-shark.com","dpl_CvTBydqsKmhdVd5av9MjWkUxUdUq",-1,"lhr1",-1,-1,"","prj_whJS4UDU096WCnwbxasIj7pfJ4Ow","","","01K45AY4R3605M5HTH57TCMPG9","gx76awnB8rM9",-1
"2025-09-02 13:47:49",1756820869891,"www.snap-shark.com/","GET","",200,"l6k4k-1756820869885-b37cc135c950","Mozilla/5.0 (Macintosh; Intel Mac OS X 10_15_7) AppleWebKit/537.36 (KHTML, like Gecko) Chrome/138.0.0.0 Safari/537.36","info","production","main","","edge-middleware","/src/middleware","www.snap-shark.com","www.snap-shark.com","dpl_CvTBydqsKmhdVd5av9MjWkUxUdUq",-1,"lhr1",-1,-1,"","prj_whJS4UDU096WCnwbxasIj7pfJ4Ow","","","01K45AY4R3605M5HTH59FGD7QS","ZpkISdgX3qw6",-1
"2025-09-02 13:47:49",1756820869789,"www.snap-shark.com/account","GET","success=true",200,"f9ppd-1756820869772-9185e368c4a3","Mozilla/5.0 (Macintosh; Intel Mac OS X 10_15_7) AppleWebKit/537.36 (KHTML, like Gecko) Chrome/138.0.0.0 Safari/537.36","info","production","main","","edge-middleware","/src/middleware","www.snap-shark.com","www.snap-shark.com","dpl_CvTBydqsKmhdVd5av9MjWkUxUdUq",-1,"lhr1",-1,-1,"","prj_whJS4UDU096WCnwbxasIj7pfJ4Ow","","","01K45AY4MYNZAYH745HMSCW6BM","gx76awnB8rM9",-1
"2025-09-02 13:47:46",1756820866730,"www.snap-shark.com/account","GET","",200,"mz9j6-1756820866716-e3b6da553f7c","Mozilla/5.0 (Macintosh; Intel Mac OS X 10_15_7) AppleWebKit/537.36 (KHTML, like Gecko) Chrome/138.0.0.0 Safari/537.36","info","production","main","","edge-middleware","/src/middleware","www.snap-shark.com","www.snap-shark.com","dpl_CvTBydqsKmhdVd5av9MjWkUxUdUq",-1,"lhr1",-1,-1,"","prj_whJS4UDU096WCnwbxasIj7pfJ4Ow","","","01K45AY1NA1KYK709DPHSXY2QE","gx76awnB8rM9",-1
"2025-09-02 13:47:46",1756820866469,"www.snap-shark.com/manifest.json","GET","",200,"vg89n-1756820866463-14629c967e3a","Mozilla/5.0 (Macintosh; Intel Mac OS X 10_15_7) AppleWebKit/537.36 (KHTML, like Gecko) Chrome/138.0.0.0 Safari/537.36","info","production","main","","edge-middleware","/src/middleware","www.snap-shark.com","www.snap-shark.com","dpl_CvTBydqsKmhdVd5av9MjWkUxUdUq",-1,"lhr1",-1,-1,"","prj_whJS4UDU096WCnwbxasIj7pfJ4Ow","","","01K45AY1D5RYEWSGHB0YN9JBA4","gx76awnB8rM9",-1
"2025-09-02 13:47:46",1756820866434,"www.snap-shark.com/","GET","",200,"rth26-1756820866425-5d34a74a2056","Mozilla/5.0 (Macintosh; Intel Mac OS X 10_15_7) AppleWebKit/537.36 (KHTML, like Gecko) Chrome/138.0.0.0 Safari/537.36","info","production","main","","edge-middleware","/src/middleware","www.snap-shark.com","www.snap-shark.com","dpl_CvTBydqsKmhdVd5av9MjWkUxUdUq",-1,"lhr1",-1,-1,"","prj_whJS4UDU096WCnwbxasIj7pfJ4Ow","","","01K45AY1C3QV04M6EMP7AT023D","ZpkISdgX3qw6",-1
"2025-09-02 13:47:46",1756820866434,"www.snap-shark.com/pricing","GET","",200,"npx56-1756820866425-e50391c70f01","Mozilla/5.0 (Macintosh; Intel Mac OS X 10_15_7) AppleWebKit/537.36 (KHTML, like Gecko) Chrome/138.0.0.0 Safari/537.36","info","production","main","","edge-middleware","/src/middleware","www.snap-shark.com","www.snap-shark.com","dpl_CvTBydqsKmhdVd5av9MjWkUxUdUq",-1,"lhr1",-1,-1,"","prj_whJS4UDU096WCnwbxasIj7pfJ4Ow","","","01K45AY1C22MSW8K00CZHHTSCJ","gx76awnB8rM9",-1
"2025-09-02 13:47:46",1756820866258,"www.snap-shark.com/account","GET","success=true",200,"lbrdn-1756820865952-3c731690e127","Mozilla/5.0 (Macintosh; Intel Mac OS X 10_15_7) AppleWebKit/537.36 (KHTML, like Gecko) Chrome/138.0.0.0 Safari/537.36","info","production","main","PRERENDER","static","/account","www.snap-shark.com","snap-shark-nb2lg1qme-macs-projects-1d8fa0f1.vercel.app","dpl_CvTBydqsKmhdVd5av9MjWkUxUdUq",-1,"",-1,-1,"","prj_whJS4UDU096WCnwbxasIj7pfJ4Ow","","","","",-1
"2025-09-02 13:47:45",1756820865955,"www.snap-shark.com/account","GET","success=true",200,"lbrdn-1756820865952-3c731690e127","Mozilla/5.0 (Macintosh; Intel Mac OS X 10_15_7) AppleWebKit/537.36 (KHTML, like Gecko) Chrome/138.0.0.0 Safari/537.36","info","production","main","","edge-middleware","/src/middleware","www.snap-shark.com","www.snap-shark.com","dpl_CvTBydqsKmhdVd5av9MjWkUxUdUq",-1,"lhr1",-1,-1,"","prj_whJS4UDU096WCnwbxasIj7pfJ4Ow","","","01K45AY0X4KSNJZGBQWYXP4Z5Q","gx76awnB8rM9",-1
"2025-09-02 13:47:45",1756820865597,"www.snap-shark.com/account","GET","success=true",307,"lbrdn-1756820865472-87496499861e","Mozilla/5.0 (Macintosh; Intel Mac OS X 10_15_7) AppleWebKit/537.36 (KHTML, like Gecko) Chrome/138.0.0.0 Safari/537.36","info","production","main","","edge-middleware","/src/middleware","www.snap-shark.com","www.snap-shark.com","dpl_CvTBydqsKmhdVd5av9MjWkUxUdUq",-1,"lhr1",-1,-1,"","prj_whJS4UDU096WCnwbxasIj7pfJ4Ow","","","01K45AY0HXW3QJA8ACKZA5MW7X","gx76awnB8rM9",-1
"2025-09-02 13:47:43",1756820863908,"www.snap-shark.com/api/stripe/webhook","POST","",-1,"h987r-1756820863182-2b89a025f22c","Stripe/1.0 (+https://stripe.com/docs/webhooks)","info","production","main","","lambda","/api/stripe/webhook","www.snap-shark.com","www.snap-shark.com","dpl_CvTBydqsKmhdVd5av9MjWkUxUdUq",-1,"iad1",-1,-1,"[WEBHOOK] ‚úÖ Subscription activated for user user_326dkggGHEMPMU8EbaG6rJnXuls","prj_whJS4UDU096WCnwbxasIj7pfJ4Ow","","","01K45AXYJ38W4WN93272EVYGJ7","",-1
"2025-09-02 13:47:43",1756820863607,"www.snap-shark.com/api/stripe/webhook","POST","",-1,"h987r-1756820863182-2b89a025f22c","Stripe/1.0 (+https://stripe.com/docs/webhooks)","info","production","main","","lambda","/api/stripe/webhook","www.snap-shark.com","www.snap-shark.com","dpl_CvTBydqsKmhdVd5av9MjWkUxUdUq",-1,"iad1",-1,-1,"[WEBHOOK] Event: checkout.session.completed","prj_whJS4UDU096WCnwbxasIj7pfJ4Ow","","","01K45AXYJ38W4WN93272EVYGJ7","",-1
"2025-09-02 13:47:43",1756820863607,"www.snap-shark.com/api/stripe/webhook","POST","",-1,"h987r-1756820863182-2b89a025f22c","Stripe/1.0 (+https://stripe.com/docs/webhooks)","info","production","main","","lambda","/api/stripe/webhook","www.snap-shark.com","www.snap-shark.com","dpl_CvTBydqsKmhdVd5av9MjWkUxUdUq",-1,"iad1",-1,-1,"[WEBHOOK] ‚úÖ Signature verified successfully","prj_whJS4UDU096WCnwbxasIj7pfJ4Ow","","","01K45AXYJ38W4WN93272EVYGJ7","",-1
"2025-09-02 13:47:43",1756820863606,"www.snap-shark.com/api/stripe/webhook","POST","",-1,"h987r-1756820863182-2b89a025f22c","Stripe/1.0 (+https://stripe.com/docs/webhooks)","info","production","main","","lambda","/api/stripe/webhook","www.snap-shark.com","www.snap-shark.com","dpl_CvTBydqsKmhdVd5av9MjWkUxUdUq",-1,"iad1",-1,-1,"[WEBHOOK] üîë Signature present: true","prj_whJS4UDU096WCnwbxasIj7pfJ4Ow","","","01K45AXYJ38W4WN93272EVYGJ7","",-1
"2025-09-02 13:47:43",1756820863606,"www.snap-shark.com/api/stripe/webhook","POST","",-1,"h987r-1756820863182-2b89a025f22c","Stripe/1.0 (+https://stripe.com/docs/webhooks)","info","production","main","","lambda","/api/stripe/webhook","www.snap-shark.com","www.snap-shark.com","dpl_CvTBydqsKmhdVd5av9MjWkUxUdUq",-1,"iad1",-1,-1,"[WEBHOOK] üìù Body length: 3403","prj_whJS4UDU096WCnwbxasIj7pfJ4Ow","","","01K45AXYJ38W4WN93272EVYGJ7","",-1
"2025-09-02 13:47:43",1756820863604,"www.snap-shark.com/api/stripe/webhook","POST","",-1,"h987r-1756820863182-2b89a025f22c","Stripe/1.0 (+https://stripe.com/docs/webhooks)","info","production","main","","lambda","/api/stripe/webhook","www.snap-shark.com","www.snap-shark.com","dpl_CvTBydqsKmhdVd5av9MjWkUxUdUq",-1,"iad1",-1,-1,"[WEBHOOK] üöÄ Webhook request received","prj_whJS4UDU096WCnwbxasIj7pfJ4Ow","","","01K45AXYJ38W4WN93272EVYGJ7","",-1
"2025-09-02 13:47:43",1756820863554,"www.snap-shark.com/api/stripe/webhook","POST","",200,"h987r-1756820863182-2b89a025f22c","Stripe/1.0 (+https://stripe.com/docs/webhooks)","info","production","main","","lambda","/api/stripe/webhook","www.snap-shark.com","www.snap-shark.com","dpl_CvTBydqsKmhdVd5av9MjWkUxUdUq",359,"iad1",108,2048,"","prj_whJS4UDU096WCnwbxasIj7pfJ4Ow","","","01K45AXYJ38W4WN93272EVYGJ7","OCvs0ApTMPQl",1
"2025-09-02 13:47:43",1756820863340,"www.snap-shark.com/api/stripe/webhook","POST","",200,"h987r-1756820863182-2b89a025f22c","Stripe/1.0 (+https://stripe.com/docs/webhooks)","info","production","main","","edge-middleware","/src/middleware","www.snap-shark.com","www.snap-shark.com","dpl_CvTBydqsKmhdVd5av9MjWkUxUdUq",-1,"sfo1",-1,-1,"","prj_whJS4UDU096WCnwbxasIj7pfJ4Ow","","","01K45AXYBCQK5Y545W3VH16YNY","1SoDxyT60CVE",-1
"2025-09-02 13:47:14",1756820834702,"www.snap-shark.com/api/stripe/checkout","POST","",200,"xwdzc-1756820834385-e5f858699ecd","Mozilla/5.0 (Macintosh; Intel Mac OS X 10_15_7) AppleWebKit/537.36 (KHTML, like Gecko) Chrome/138.0.0.0 Safari/537.36","info","production","main","","lambda","/api/stripe/checkout","www.snap-shark.com","www.snap-shark.com","dpl_CvTBydqsKmhdVd5av9MjWkUxUdUq",708,"iad1",106,2048,"","prj_whJS4UDU096WCnwbxasIj7pfJ4Ow","","","01K45AX2CEYS36SR0EQGY5G8BC","OCvs0ApTMPQl",1
"2025-09-02 13:47:14",1756820834501,"www.snap-shark.com/api/stripe/checkout","POST","",200,"xwdzc-1756820834385-e5f858699ecd","Mozilla/5.0 (Macintosh; Intel Mac OS X 10_15_7) AppleWebKit/537.36 (KHTML, like Gecko) Chrome/138.0.0.0 Safari/537.36","info","production","main","","edge-middleware","/src/middleware","www.snap-shark.com","www.snap-shark.com","dpl_CvTBydqsKmhdVd5av9MjWkUxUdUq",-1,"lhr1",-1,-1,"","prj_whJS4UDU096WCnwbxasIj7pfJ4Ow","","","01K45AX265A75J3PV6EBDPR9RN","gx76awnB8rM9",-1
"2025-09-02 13:47:12",1756820832581,"www.snap-shark.com/account","GET","",200,"tjkgt-1756820832577-46b87cb0c11c","Mozilla/5.0 (Macintosh; Intel Mac OS X 10_15_7) AppleWebKit/537.36 (KHTML, like Gecko) Chrome/138.0.0.0 Safari/537.36","info","production","main","","edge-middleware","/src/middleware","www.snap-shark.com","www.snap-shark.com","dpl_CvTBydqsKmhdVd5av9MjWkUxUdUq",-1,"lhr1",-1,-1,"","prj_whJS4UDU096WCnwbxasIj7pfJ4Ow","","","01K45AX0A5QS75DBVQET9ZGTBS","gx76awnB8rM9",-1
"2025-09-02 13:47:12",1756820832553,"www.snap-shark.com/manifest.json","GET","",-1,"tjkgt-1756820832282-fdceb7a66c6b","Mozilla/5.0 (Macintosh; Intel Mac OS X 10_15_7) AppleWebKit/537.36 (KHTML, like Gecko) Chrome/138.0.0.0 Safari/537.36","info","production","main","","edge-middleware","/src/middleware","www.snap-shark.com","www.snap-shark.com","dpl_CvTBydqsKmhdVd5av9MjWkUxUdUq",-1,"lhr1",-1,-1,"","prj_whJS4UDU096WCnwbxasIj7pfJ4Ow","","","01K45AX00YHQ56FAZHCBXNNRE4","",-1
"2025-09-02 13:47:12",1756820832505,"www.snap-shark.com/","GET","",200,"lsn2t-1756820832251-f8cd9af29c08","Mozilla/5.0 (Macintosh; Intel Mac OS X 10_15_7) AppleWebKit/537.36 (KHTML, like Gecko) Chrome/138.0.0.0 Safari/537.36","info","production","main","PRERENDER","static","/","www.snap-shark.com","snap-shark-nb2lg1qme-macs-projects-1d8fa0f1.vercel.app","dpl_CvTBydqsKmhdVd5av9MjWkUxUdUq",-1,"",-1,-1,"","prj_whJS4UDU096WCnwbxasIj7pfJ4Ow","","","","",-1
"2025-09-02 13:47:12",1756820832286,"www.snap-shark.com/manifest.json","GET","",200,"tjkgt-1756820832282-fdceb7a66c6b","Mozilla/5.0 (Macintosh; Intel Mac OS X 10_15_7) AppleWebKit/537.36 (KHTML, like Gecko) Chrome/138.0.0.0 Safari/537.36","info","production","main","","edge-middleware","/src/middleware","www.snap-shark.com","www.snap-shark.com","dpl_CvTBydqsKmhdVd5av9MjWkUxUdUq",-1,"lhr1",-1,-1,"","prj_whJS4UDU096WCnwbxasIj7pfJ4Ow","","","01K45AX00YHQ56FAZHCBXNNRE4","gx76awnB8rM9",-1
"2025-09-02 13:47:12",1756820832256,"www.snap-shark.com/","GET","",200,"lsn2t-1756820832251-f8cd9af29c08","Mozilla/5.0 (Macintosh; Intel Mac OS X 10_15_7) AppleWebKit/537.36 (KHTML, like Gecko) Chrome/138.0.0.0 Safari/537.36","info","production","main","","edge-middleware","/src/middleware","www.snap-shark.com","www.snap-shark.com","dpl_CvTBydqsKmhdVd5av9MjWkUxUdUq",-1,"lhr1",-1,-1,"","prj_whJS4UDU096WCnwbxasIj7pfJ4Ow","","","01K45AX0003XRY937WAC4H3F2Z","ZpkISdgX3qw6",-1
"2025-09-02 13:47:12",1756820832179,"www.snap-shark.com/pricing","GET","",200,"tjkgt-1756820831905-2665a884d3d8","Mozilla/5.0 (Macintosh; Intel Mac OS X 10_15_7) AppleWebKit/537.36 (KHTML, like Gecko) Chrome/138.0.0.0 Safari/537.36","info","production","main","PRERENDER","static","/pricing","www.snap-shark.com","snap-shark-nb2lg1qme-macs-projects-1d8fa0f1.vercel.app","dpl_CvTBydqsKmhdVd5av9MjWkUxUdUq",-1,"",-1,-1,"","prj_whJS4UDU096WCnwbxasIj7pfJ4Ow","","","","",-1
"2025-09-02 13:47:11",1756820831909,"www.snap-shark.com/pricing","GET","",200,"tjkgt-1756820831905-2665a884d3d8","Mozilla/5.0 (Macintosh; Intel Mac OS X 10_15_7) AppleWebKit/537.36 (KHTML, like Gecko) Chrome/138.0.0.0 Safari/537.36","info","production","main","","edge-middleware","/src/middleware","www.snap-shark.com","www.snap-shark.com","dpl_CvTBydqsKmhdVd5av9MjWkUxUdUq",-1,"lhr1",-1,-1,"","prj_whJS4UDU096WCnwbxasIj7pfJ4Ow","","","01K45AWZN5CW7N6WPCSYW2Z7AD","ZpkISdgX3qw6",-1
"2025-09-02 13:47:08",1756820828432,"www.snap-shark.com/manifest.json","GET","",200,"lsn2t-1756820828429-8c9af8d3aba2","Mozilla/5.0 (Macintosh; Intel Mac OS X 10_15_7) AppleWebKit/537.36 (KHTML, like Gecko) Chrome/138.0.0.0 Safari/537.36","info","production","main","","edge-middleware","/src/middleware","www.snap-shark.com","www.snap-shark.com","dpl_CvTBydqsKmhdVd5av9MjWkUxUdUq",-1,"lhr1",-1,-1,"","prj_whJS4UDU096WCnwbxasIj7pfJ4Ow","","","01K45AWW8G2QJKHGYTWE9S2RFA","ZpkISdgX3qw6",-1
"2025-09-02 13:47:07",1756820827037,"www.snap-shark.com/account","GET","",200,"pc9dt-1756820826765-4d696351e27f","Mozilla/5.0 (Macintosh; Intel Mac OS X 10_15_7) AppleWebKit/537.36 (KHTML, like Gecko) Chrome/138.0.0.0 Safari/537.36","info","production","main","PRERENDER","static","/account","www.snap-shark.com","snap-shark-nb2lg1qme-macs-projects-1d8fa0f1.vercel.app","dpl_CvTBydqsKmhdVd5av9MjWkUxUdUq",-1,"",-1,-1,"","prj_whJS4UDU096WCnwbxasIj7pfJ4Ow","","","","",-1
"2025-09-02 13:47:06",1756820826772,"www.snap-shark.com/pricing","GET","",200,"lsn2t-1756820826504-dc754f6ea6c4","Mozilla/5.0 (Macintosh; Intel Mac OS X 10_15_7) AppleWebKit/537.36 (KHTML, like Gecko) Chrome/138.0.0.0 Safari/537.36","info","production","main","PRERENDER","static","/pricing","www.snap-shark.com","snap-shark-nb2lg1qme-macs-projects-1d8fa0f1.vercel.app","dpl_CvTBydqsKmhdVd5av9MjWkUxUdUq",-1,"",-1,-1,"","prj_whJS4UDU096WCnwbxasIj7pfJ4Ow","","","","",-1
"2025-09-02 13:47:06",1756820826770,"www.snap-shark.com/account","GET","",200,"pc9dt-1756820826765-4d696351e27f","Mozilla/5.0 (Macintosh; Intel Mac OS X 10_15_7) AppleWebKit/537.36 (KHTML, like Gecko) Chrome/138.0.0.0 Safari/537.36","info","production","main","","edge-middleware","/src/middleware","www.snap-shark.com","www.snap-shark.com","dpl_CvTBydqsKmhdVd5av9MjWkUxUdUq",-1,"lhr1",-1,-1,"","prj_whJS4UDU096WCnwbxasIj7pfJ4Ow","","","01K45AWTMJMSMD5ZC16P427Y9T","ZpkISdgX3qw6",-1
"2025-09-02 13:47:06",1756820826509,"www.snap-shark.com/pricing","GET","",200,"lsn2t-1756820826504-dc754f6ea6c4","Mozilla/5.0 (Macintosh; Intel Mac OS X 10_15_7) AppleWebKit/537.36 (KHTML, like Gecko) Chrome/138.0.0.0 Safari/537.36","info","production","main","","edge-middleware","/src/middleware","www.snap-shark.com","www.snap-shark.com","dpl_CvTBydqsKmhdVd5av9MjWkUxUdUq",-1,"lhr1",-1,-1,"","prj_whJS4UDU096WCnwbxasIj7pfJ4Ow","","","01K45AWTCD7P7X819R8ZJS9XCC","ZpkISdgX3qw6",-1
"2025-09-02 13:47:06",1756820826507,"www.snap-shark.com/manifest.json","GET","",200,"stjfn-1756820826502-3f35e6454ced","Mozilla/5.0 (Macintosh; Intel Mac OS X 10_15_7) AppleWebKit/537.36 (KHTML, like Gecko) Chrome/138.0.0.0 Safari/537.36","info","production","main","","edge-middleware","/src/middleware","www.snap-shark.com","www.snap-shark.com","dpl_CvTBydqsKmhdVd5av9MjWkUxUdUq",-1,"lhr1",-1,-1,"","prj_whJS4UDU096WCnwbxasIj7pfJ4Ow","","","01K45AWTCBF5AG21VHV0XNNS05","ZpkISdgX3qw6",-1
"2025-09-02 13:47:06",1756820826065,"www.snap-shark.com/","GET","",200,"tjkgt-1756820824781-c2dcf1e05917","Mozilla/5.0 (Macintosh; Intel Mac OS X 10_15_7) AppleWebKit/537.36 (KHTML, like Gecko) Chrome/138.0.0.0 Safari/537.36","info","production","main","PRERENDER","static","/","www.snap-shark.com","snap-shark-nb2lg1qme-macs-projects-1d8fa0f1.vercel.app","dpl_CvTBydqsKmhdVd5av9MjWkUxUdUq",-1,"",-1,-1,"","prj_whJS4UDU096WCnwbxasIj7pfJ4Ow","","","","",-1
"2025-09-02 13:47:05",1756820825844,"www.snap-shark.com/","GET","",-1,"tjkgt-1756820824781-c2dcf1e05917","Mozilla/5.0 (Macintosh; Intel Mac OS X 10_15_7) AppleWebKit/537.36 (KHTML, like Gecko) Chrome/138.0.0.0 Safari/537.36","info","production","main","","edge-middleware","/src/middleware","www.snap-shark.com","www.snap-shark.com","dpl_CvTBydqsKmhdVd5av9MjWkUxUdUq",-1,"lhr1",-1,-1,"","prj_whJS4UDU096WCnwbxasIj7pfJ4Ow","","","01K45AWS2FTRT591A1ZNKESDWK","",-1
"2025-09-02 13:47:05",1756820825167,"www.snap-shark.com/","GET","",200,"tjkgt-1756820824781-c2dcf1e05917","Mozilla/5.0 (Macintosh; Intel Mac OS X 10_15_7) AppleWebKit/537.36 (KHTML, like Gecko) Chrome/138.0.0.0 Safari/537.36","info","production","main","","edge-middleware","/src/middleware","www.snap-shark.com","www.snap-shark.com","dpl_CvTBydqsKmhdVd5av9MjWkUxUdUq",-1,"lhr1",-1,-1,"","prj_whJS4UDU096WCnwbxasIj7pfJ4Ow","","","01K45AWS2FTRT591A1ZNKESDWK","ZpkISdgX3qw6",-1
"2025-09-02 13:46:17",1756820777861,"snap-shark-nb2lg1qme-macs-projects-1d8fa0f1.vercel.app/pricing","GET","",200,"6x4wq-1756820777856-dcbc3e490af0","vercel-screenshot/1.0","info","production","main","","edge-middleware","/src/middleware","snap-shark-nb2lg1qme-macs-projects-1d8fa0f1.vercel.app","snap-shark-nb2lg1qme-macs-projects-1d8fa0f1.vercel.app","dpl_CvTBydqsKmhdVd5av9MjWkUxUdUq",-1,"sfo1",-1,-1,"","prj_whJS4UDU096WCnwbxasIj7pfJ4Ow","","","01K45AVAW5D4NDERHCA9V8ND89","1SoDxyT60CVE",-1
"2025-09-02 13:46:17",1756820777594,"snap-shark-nb2lg1qme-macs-projects-1d8fa0f1.vercel.app/pricing","GET","",200,"hmqsr-1756820777358-1cea6b66877a","vercel-screenshot/1.0","info","production","main","PRERENDER","static","/pricing","snap-shark-nb2lg1qme-macs-projects-1d8fa0f1.vercel.app","snap-shark-nb2lg1qme-macs-projects-1d8fa0f1.vercel.app","dpl_CvTBydqsKmhdVd5av9MjWkUxUdUq",-1,"",-1,-1,"","prj_whJS4UDU096WCnwbxasIj7pfJ4Ow","","","","",-1
"2025-09-02 13:46:17",1756820777585,"snap-shark-nb2lg1qme-macs-projects-1d8fa0f1.vercel.app/pricing","GET","",200,"lb79l-1756820777568-4eb5a2b78d74","vercel-screenshot/1.0","info","production","main","","edge-middleware","/src/middleware","snap-shark-nb2lg1qme-macs-projects-1d8fa0f1.vercel.app","snap-shark-nb2lg1qme-macs-projects-1d8fa0f1.vercel.app","dpl_CvTBydqsKmhdVd5av9MjWkUxUdUq",-1,"sfo1",-1,-1,"","prj_whJS4UDU096WCnwbxasIj7pfJ4Ow","","","01K45AVAKHQ48497RN7FCMT6MK","1SoDxyT60CVE",-1
"2025-09-02 13:46:17",1756820777361,"snap-shark-nb2lg1qme-macs-projects-1d8fa0f1.vercel.app/pricing","GET","",200,"hmqsr-1756820777358-1cea6b66877a","vercel-screenshot/1.0","info","production","main","","edge-middleware","/src/middleware","snap-shark-nb2lg1qme-macs-projects-1d8fa0f1.vercel.app","snap-shark-nb2lg1qme-macs-projects-1d8fa0f1.vercel.app","dpl_CvTBydqsKmhdVd5av9MjWkUxUdUq",-1,"sfo1",-1,-1,"","prj_whJS4UDU096WCnwbxasIj7pfJ4Ow","","","01K45AVACHJ7463XD39WRDEDTS","1SoDxyT60CVE",-1
"2025-09-02 13:46:17",1756820777355,"snap-shark-nb2lg1qme-macs-projects-1d8fa0f1.vercel.app/manifest.json","GET","",200,"4vpgm-1756820777333-df68e3448772","vercel-favicon/1.0","info","production","main","","edge-middleware","/src/middleware","snap-shark-nb2lg1qme-macs-projects-1d8fa0f1.vercel.app","snap-shark-nb2lg1qme-macs-projects-1d8fa0f1.vercel.app","dpl_CvTBydqsKmhdVd5av9MjWkUxUdUq",-1,"sfo1",-1,-1,"","prj_whJS4UDU096WCnwbxasIj7pfJ4Ow","","","01K45AVACBSHPHKXVDKY8DSK37","1SoDxyT60CVE",-1
"2025-09-02 13:46:17",1756820777184,"snap-shark-nb2lg1qme-macs-projects-1d8fa0f1.vercel.app/","GET","",200,"lfk7v-1756820777176-770b5d731942","vercel-screenshot/1.0","info","production","main","","edge-middleware","/src/middleware","snap-shark-nb2lg1qme-macs-projects-1d8fa0f1.vercel.app","snap-shark-nb2lg1qme-macs-projects-1d8fa0f1.vercel.app","dpl_CvTBydqsKmhdVd5av9MjWkUxUdUq",-1,"sfo1",-1,-1,"","prj_whJS4UDU096WCnwbxasIj7pfJ4Ow","","","01K45AVA70GBBEJZFJ8NEMH97D","1SoDxyT60CVE",-1
"2025-09-02 13:46:16",1756820776956,"snap-shark-nb2lg1qme-macs-projects-1d8fa0f1.vercel.app/","GET","",200,"frjmp-1756820776950-8fc87ca56d9e","vercel-screenshot/1.0","info","production","main","","edge-middleware","/src/middleware","snap-shark-nb2lg1qme-macs-projects-1d8fa0f1.vercel.app","snap-shark-nb2lg1qme-macs-projects-1d8fa0f1.vercel.app","dpl_CvTBydqsKmhdVd5av9MjWkUxUdUq",-1,"sfo1",-1,-1,"","prj_whJS4UDU096WCnwbxasIj7pfJ4Ow","","","01K45AV9ZWFDTEWYC4NZRWSR14","1SoDxyT60CVE",-1
"2025-09-02 13:46:16",1756820776657,"snap-shark-nb2lg1qme-macs-projects-1d8fa0f1.vercel.app/","GET","",200,"xrmrm-1756820776641-cef46b394acd","vercel-screenshot/1.0","info","production","main","","edge-middleware","/src/middleware","snap-shark-nb2lg1qme-macs-projects-1d8fa0f1.vercel.app","snap-shark-nb2lg1qme-macs-projects-1d8fa0f1.vercel.app","dpl_CvTBydqsKmhdVd5av9MjWkUxUdUq",-1,"sfo1",-1,-1,"","prj_whJS4UDU096WCnwbxasIj7pfJ4Ow","","","01K45AV9PHSGYMJ3FE3PRNWH6T","1SoDxyT60CVE",-1
"2025-09-02 13:46:16",1756820776535,"snap-shark-nb2lg1qme-macs-projects-1d8fa0f1.vercel.app/","GET","",200,"fqjb8-1756820776377-5df28169ea27","vercel-favicon/1.0","info","production","main","","edge-middleware","/src/middleware","snap-shark-nb2lg1qme-macs-projects-1d8fa0f1.vercel.app","snap-shark-nb2lg1qme-macs-projects-1d8fa0f1.vercel.app","dpl_CvTBydqsKmhdVd5av9MjWkUxUdUq",-1,"sfo1",-1,-1,"","prj_whJS4UDU096WCnwbxasIj7pfJ4Ow","","","01K45AV9JQF8HAC51ZT9F1TBE9","1SoDxyT60CVE",-1
"2025-09-02 13:46:16",1756820776291,"snap-shark-nb2lg1qme-macs-projects-1d8fa0f1.vercel.app/","GET","",200,"sfbtb-1756820776183-c908cb8902c7","vercel-screenshot/1.0","info","production","main","","edge-middleware","/src/middleware","snap-shark-nb2lg1qme-macs-projects-1d8fa0f1.vercel.app","snap-shark-nb2lg1qme-macs-projects-1d8fa0f1.vercel.app","dpl_CvTBydqsKmhdVd5av9MjWkUxUdUq",-1,"sfo1",-1,-1,"","prj_whJS4UDU096WCnwbxasIj7pfJ4Ow","","","01K45AV9B3G833H3BJ25NBW4YZ","1SoDxyT60CVE",-1
"2025-09-02 13:46:16",1756820776080,"snap-shark-nb2lg1qme-macs-projects-1d8fa0f1.vercel.app/","GET","",200,"692qk-1756820775908-140a5c48fff4","vercel-screenshot/1.0","info","production","main","","edge-middleware","/src/middleware","snap-shark-nb2lg1qme-macs-projects-1d8fa0f1.vercel.app","snap-shark-nb2lg1qme-macs-projects-1d8fa0f1.vercel.app","dpl_CvTBydqsKmhdVd5av9MjWkUxUdUq",-1,"sfo1",-1,-1,"","prj_whJS4UDU096WCnwbxasIj7pfJ4Ow","","","01K45AV94GH015KPFQCAR74M4S","1SoDxyT60CVE",-1
"2025-09-02 13:46:16",1756820776029,"snap-shark-nb2lg1qme-macs-projects-1d8fa0f1.vercel.app/","GET","",200,"5dr2r-1756820775675-5ddae34130d7","vercel-screenshot/1.0","info","production","main","PRERENDER","static","/","snap-shark-nb2lg1qme-macs-projects-1d8fa0f1.vercel.app","snap-shark-nb2lg1qme-macs-projects-1d8fa0f1.vercel.app","dpl_CvTBydqsKmhdVd5av9MjWkUxUdUq",-1,"",-1,-1,"","prj_whJS4UDU096WCnwbxasIj7pfJ4Ow","","","","",-1
"2025-09-02 13:46:15",1756820775787,"snap-shark-nb2lg1qme-macs-projects-1d8fa0f1.vercel.app/","GET","",200,"5dr2r-1756820775675-5ddae34130d7","vercel-screenshot/1.0","info","production","main","","edge-middleware","/src/middleware","snap-shark-nb2lg1qme-macs-projects-1d8fa0f1.vercel.app","snap-shark-nb2lg1qme-macs-projects-1d8fa0f1.vercel.app","dpl_CvTBydqsKmhdVd5av9MjWkUxUdUq",-1,"sfo1",-1,-1,"","prj_whJS4UDU096WCnwbxasIj7pfJ4Ow","","","01K45AV8VB3ZVMTM4QFAJ9M7VH","1SoDxyT60CVE",-1
